time,Water_Level_LAT
UTC,metres
2023-03-12T19:05:00Z,3.178
2023-03-12T19:10:00Z,3.475
2023-03-12T19:15:00Z,3.315
2023-03-12T19:20:00Z,3.315
2023-03-12T19:25:00Z,3.304
2023-03-12T19:30:00Z,3.385
2023-03-12T19:35:00Z,3.384
2023-03-12T19:40:00Z,3.55
2023-03-12T19:45:00Z,3.543
2023-03-12T19:50:00Z,3.617
2023-03-12T19:55:00Z,3.589
2023-03-12T20:00:00Z,3.556
2023-03-12T20:05:00Z,3.745
2023-03-12T20:10:00Z,3.656
2023-03-12T20:15:00Z,3.585
2023-03-12T20:20:00Z,3.64
2023-03-12T20:25:00Z,3.684
2023-03-12T20:30:00Z,3.787
2023-03-12T20:35:00Z,3.786
2023-03-12T20:40:00Z,3.603
2023-03-12T20:45:00Z,3.784
2023-03-12T20:50:00Z,3.693
2023-03-12T20:55:00Z,3.627
2023-03-12T21:00:00Z,3.726
2023-03-12T21:05:00Z,3.663
2023-03-12T21:10:00Z,3.662
2023-03-12T21:15:00Z,3.676
2023-03-12T21:20:00Z,3.791
2023-03-12T21:25:00Z,3.685
2023-03-12T21:30:00Z,3.755
2023-03-12T21:35:00Z,3.597
2023-03-12T21:40:00Z,3.617
2023-03-12T21:45:00Z,3.631
2023-03-12T21:50:00Z,3.559
2023-03-12T21:55:00Z,3.559
2023-03-12T22:00:00Z,3.444
2023-03-12T22:05:00Z,3.517
2023-03-12T22:10:00Z,3.496
2023-03-12T22:15:00Z,3.355
2023-03-12T22:20:00Z,3.463
2023-03-12T22:25:00Z,3.418
2023-03-12T22:30:00Z,3.262
2023-03-12T22:35:00Z,3.259
2023-03-12T22:40:00Z,3.26
2023-03-12T22:45:00Z,3.194
2023-03-12T22:50:00Z,3.106
2023-03-12T22:55:00Z,3.105
2023-03-12T23:00:00Z,3.08
2023-03-12T23:05:00Z,2.991
2023-03-12T23:10:00Z,2.923
2023-03-12T23:15:00Z,2.855
2023-03-12T23:20:00Z,2.829
2023-03-12T23:25:00Z,2.8
2023-03-12T23:30:00Z,2.747
2023-03-12T23:35:00Z,2.722
2023-03-12T23:40:00Z,2.596
2023-03-12T23:45:00Z,2.579
2023-03-12T23:50:00Z,2.448
2023-03-12T23:55:00Z,2.467
2023-03-13T00:00:00Z,2.379
2023-03-13T00:05:00Z,2.379
2023-03-13T00:10:00Z,2.213
2023-03-13T00:15:00Z,2.221
2023-03-13T00:20:00Z,2.076
2023-03-13T00:25:00Z,2.142
2023-03-13T00:30:00Z,2.061
2023-03-13T00:35:00Z,1.939
2023-03-13T00:40:00Z,1.842
2023-03-13T00:45:00Z,1.84
2023-03-13T00:50:00Z,1.925
2023-03-13T00:55:00Z,1.856
2023-03-13T01:00:00Z,1.786
2023-03-13T01:05:00Z,1.785
2023-03-13T01:10:00Z,1.623
2023-03-13T01:15:00Z,1.606
2023-03-13T01:20:00Z,1.675
2023-03-13T01:25:00Z,1.508
2023-03-13T01:30:00Z,1.536
2023-03-13T01:35:00Z,1.538
2023-03-13T01:40:00Z,1.551
2023-03-13T01:45:00Z,1.509
2023-03-13T01:50:00Z,1.333
2023-03-13T01:55:00Z,1.489
2023-03-13T02:00:00Z,1.463
2023-03-13T02:05:00Z,1.313
2023-03-13T02:10:00Z,1.419
2023-03-13T02:15:00Z,1.4
2023-03-13T02:20:00Z,1.332
2023-03-13T02:25:00Z,1.307
2023-03-13T02:30:00Z,1.301
2023-03-13T02:35:00Z,1.369
2023-03-13T02:40:00Z,1.423
2023-03-13T02:45:00Z,1.28
2023-03-13T02:50:00Z,1.368
2023-03-13T02:55:00Z,1.415
2023-03-13T03:00:00Z,1.4
2023-03-13T03:05:00Z,1.385
2023-03-13T03:10:00Z,1.391
2023-03-13T03:15:00Z,1.379
2023-03-13T03:20:00Z,1.421
2023-03-13T03:25:00Z,1.419
2023-03-13T03:30:00Z,1.406
2023-03-13T03:35:00Z,1.563
2023-03-13T03:40:00Z,1.363
2023-03-13T03:45:00Z,1.625
2023-03-13T03:50:00Z,1.627
2023-03-13T03:55:00Z,1.646
2023-03-13T04:00:00Z,1.624
2023-03-13T04:05:00Z,1.657
2023-03-13T04:10:00Z,1.722
2023-03-13T04:15:00Z,1.786
2023-03-13T04:20:00Z,1.789
2023-03-13T04:25:00Z,1.802
2023-03-13T04:30:00Z,1.809
2023-03-13T04:35:00Z,1.917
2023-03-13T04:40:00Z,1.973
2023-03-13T04:45:00Z,1.946
2023-03-13T04:50:00Z,2.049
2023-03-13T04:55:00Z,2.15
2023-03-13T05:00:00Z,2.125
2023-03-13T05:05:00Z,2.184
2023-03-13T05:10:00Z,2.256
2023-03-13T05:15:00Z,2.361
2023-03-13T05:20:00Z,2.307
2023-03-13T05:25:00Z,2.334
2023-03-13T05:30:00Z,2.529
2023-03-13T05:35:00Z,2.471
2023-03-13T05:40:00Z,2.525
2023-03-13T05:45:00Z,2.599
2023-03-13T05:50:00Z,2.523
2023-03-13T05:55:00Z,2.74
2023-03-13T06:00:00Z,2.769
2023-03-13T06:05:00Z,2.838
2023-03-13T06:10:00Z,2.774
2023-03-13T06:15:00Z,2.949
2023-03-13T06:20:00Z,3.104
2023-03-13T06:25:00Z,3.102
2023-03-13T06:30:00Z,3.069
2023-03-13T06:35:00Z,3.107
2023-03-13T06:40:00Z,3.115
2023-03-13T06:45:00Z,3.209
2023-03-13T06:50:00Z,3.23
2023-03-13T06:55:00Z,3.24
2023-03-13T07:00:00Z,3.372
2023-03-13T07:05:00Z,3.436
2023-03-13T07:10:00Z,3.391
2023-03-13T07:15:00Z,3.482
2023-03-13T07:20:00Z,3.455
2023-03-13T07:25:00Z,3.444
2023-03-13T07:30:00Z,3.673
2023-03-13T07:35:00Z,3.614
2023-03-13T07:40:00Z,3.573
2023-03-13T07:45:00Z,3.597
2023-03-13T07:50:00Z,3.775
2023-03-13T07:55:00Z,3.651
2023-03-13T08:00:00Z,3.661
2023-03-13T08:05:00Z,3.666
2023-03-13T08:10:00Z,3.821
2023-03-13T08:15:00Z,3.797
2023-03-13T08:20:00Z,3.807
2023-03-13T08:25:00Z,3.74
2023-03-13T08:30:00Z,3.762
2023-03-13T08:35:00Z,3.814
2023-03-13T08:40:00Z,3.719
2023-03-13T08:45:00Z,3.665
2023-03-13T08:50:00Z,3.986
2023-03-13T08:55:00Z,3.863
2023-03-13T09:00:00Z,3.862
2023-03-13T09:05:00Z,3.739
2023-03-13T09:10:00Z,3.698
2023-03-13T09:15:00Z,3.912
2023-03-13T09:20:00Z,3.803
2023-03-13T09:25:00Z,3.779
2023-03-13T09:30:00Z,3.91
2023-03-13T09:35:00Z,3.772
2023-03-13T09:40:00Z,3.792
2023-03-13T09:45:00Z,3.861
2023-03-13T09:50:00Z,3.774
2023-03-13T09:55:00Z,3.773
2023-03-13T10:00:00Z,3.725
2023-03-13T10:05:00Z,3.754
2023-03-13T10:10:00Z,3.808
2023-03-13T10:15:00Z,3.637
2023-03-13T10:20:00Z,3.634
2023-03-13T10:25:00Z,3.463
2023-03-13T10:30:00Z,3.52
2023-03-13T10:35:00Z,3.384
2023-03-13T10:40:00Z,3.408
2023-03-13T10:45:00Z,3.459
2023-03-13T10:50:00Z,3.393
2023-03-13T10:55:00Z,3.31
2023-03-13T11:00:00Z,3.203
2023-03-13T11:05:00Z,3.271
2023-03-13T11:10:00Z,3.176
2023-03-13T11:15:00Z,3.185
2023-03-13T11:20:00Z,3.179
2023-03-13T11:25:00Z,3.171
2023-03-13T11:30:00Z,3.054
2023-03-13T11:35:00Z,2.869
2023-03-13T11:40:00Z,2.886
2023-03-13T11:45:00Z,2.883
2023-03-13T11:50:00Z,2.795
2023-03-13T11:55:00Z,2.885
2023-03-13T12:00:00Z,2.598
2023-03-13T12:05:00Z,2.75
2023-03-13T12:10:00Z,2.616
2023-03-13T12:15:00Z,2.46
2023-03-13T12:20:00Z,2.487
2023-03-13T12:25:00Z,2.476
2023-03-13T12:30:00Z,2.315
2023-03-13T12:35:00Z,2.383
2023-03-13T12:40:00Z,2.376
2023-03-13T12:45:00Z,2.222
2023-03-13T12:50:00Z,2.107
2023-03-13T12:55:00Z,2.156
2023-03-13T13:00:00Z,2.012
2023-03-13T13:05:00Z,1.873
2023-03-13T13:10:00Z,2.038
2023-03-13T13:15:00Z,1.855
2023-03-13T13:20:00Z,1.935
2023-03-13T13:25:00Z,1.832
2023-03-13T13:30:00Z,1.855
2023-03-13T13:35:00Z,1.821
2023-03-13T13:40:00Z,1.799
2023-03-13T13:45:00Z,1.701
2023-03-13T13:50:00Z,1.626
2023-03-13T13:55:00Z,1.627
2023-03-13T14:00:00Z,1.584
2023-03-13T14:05:00Z,1.513
2023-03-13T14:10:00Z,1.573
2023-03-13T14:15:00Z,1.389
2023-03-13T14:20:00Z,1.475
2023-03-13T14:25:00Z,1.497
2023-03-13T14:30:00Z,1.502
2023-03-13T14:35:00Z,1.446
2023-03-13T14:40:00Z,1.405
2023-03-13T14:45:00Z,1.414
2023-03-13T14:50:00Z,1.417
2023-03-13T14:55:00Z,1.325
2023-03-13T15:00:00Z,1.275
2023-03-13T15:05:00Z,1.295
2023-03-13T15:10:00Z,1.343
2023-03-13T15:15:00Z,1.172
2023-03-13T15:20:00Z,1.328
2023-03-13T15:25:00Z,1.282
2023-03-13T15:30:00Z,1.291
2023-03-13T15:35:00Z,1.212
2023-03-13T15:40:00Z,1.462
2023-03-13T15:45:00Z,1.362
2023-03-13T15:50:00Z,1.414
2023-03-13T15:55:00Z,1.334
2023-03-13T16:00:00Z,1.429
2023-03-13T16:05:00Z,1.341
2023-03-13T16:10:00Z,1.341
2023-03-13T16:15:00Z,1.366
2023-03-13T16:20:00Z,1.242
2023-03-13T16:25:00Z,1.571
2023-03-13T16:30:00Z,1.499
2023-03-13T16:35:00Z,1.444
2023-03-13T16:40:00Z,1.514
2023-03-13T16:45:00Z,1.635
2023-03-13T16:50:00Z,1.606
2023-03-13T16:55:00Z,1.653
2023-03-13T17:00:00Z,1.574
2023-03-13T17:05:00Z,1.631
2023-03-13T17:10:00Z,1.681
2023-03-13T17:15:00Z,1.776
2023-03-13T17:20:00Z,1.756
2023-03-13T17:25:00Z,1.865
2023-03-13T17:30:00Z,1.874
2023-03-13T17:35:00Z,1.892
2023-03-13T17:40:00Z,2.032
2023-03-13T17:45:00Z,2.127
2023-03-13T17:50:00Z,1.94
2023-03-13T17:55:00Z,2.156
2023-03-13T18:00:00Z,2.157
2023-03-13T18:05:00Z,2.157
2023-03-13T18:10:00Z,2.183
2023-03-13T18:15:00Z,2.241
2023-03-13T18:20:00Z,2.383
2023-03-13T18:25:00Z,2.358
2023-03-13T18:30:00Z,2.53
2023-03-13T18:35:00Z,2.324
2023-03-13T18:40:00Z,2.409
2023-03-13T18:45:00Z,2.565
2023-03-13T18:50:00Z,2.58
2023-03-13T18:55:00Z,2.758
2023-03-13T19:00:00Z,2.605
2023-03-13T19:05:00Z,2.735
2023-03-13T19:10:00Z,2.905
2023-03-13T19:15:00Z,2.881
2023-03-13T19:20:00Z,2.744
2023-03-13T19:25:00Z,2.886
2023-03-13T19:30:00Z,3.073
2023-03-13T19:35:00Z,2.861
2023-03-13T19:40:00Z,2.948
2023-03-13T19:45:00Z,2.988
2023-03-13T19:50:00Z,3.143
2023-03-13T19:55:00Z,3.091
2023-03-13T20:00:00Z,3.098
2023-03-13T20:05:00Z,3.017
2023-03-13T20:10:00Z,3.176
2023-03-13T20:15:00Z,3.184
2023-03-13T20:20:00Z,3.127
2023-03-13T20:25:00Z,3.331
2023-03-13T20:30:00Z,3.145
2023-03-13T20:35:00Z,3.19
2023-03-13T20:40:00Z,3.401
2023-03-13T20:45:00Z,3.297
2023-03-13T20:50:00Z,3.378
2023-03-13T20:55:00Z,3.356
2023-03-13T21:00:00Z,3.305
2023-03-13T21:05:00Z,3.276
2023-03-13T21:10:00Z,3.338
2023-03-13T21:15:00Z,3.38
2023-03-13T21:20:00Z,3.174
2023-03-13T21:25:00Z,3.357
2023-03-13T21:30:00Z,3.382
2023-03-13T21:35:00Z,3.371
2023-03-13T21:40:00Z,3.304
2023-03-13T21:45:00Z,3.306
2023-03-13T21:50:00Z,3.358
2023-03-13T21:55:00Z,3.452
2023-03-13T22:00:00Z,3.364
2023-03-13T22:05:00Z,3.206
2023-03-13T22:10:00Z,3.208
2023-03-13T22:15:00Z,3.255
2023-03-13T22:20:00Z,3.414
2023-03-13T22:25:00Z,3.276
2023-03-13T22:30:00Z,3.028
2023-03-13T22:35:00Z,3.13
2023-03-13T22:40:00Z,2.927
2023-03-13T22:45:00Z,3.175
2023-03-13T22:50:00Z,3.04
2023-03-13T22:55:00Z,3.039
2023-03-13T23:00:00Z,3.056
2023-03-13T23:05:00Z,3.017
2023-03-13T23:10:00Z,3.009
2023-03-13T23:15:00Z,2.901
2023-03-13T23:20:00Z,2.901
2023-03-13T23:25:00Z,2.681
2023-03-13T23:30:00Z,2.738
2023-03-13T23:35:00Z,2.626
2023-03-13T23:40:00Z,2.636
2023-03-13T23:45:00Z,2.507
2023-03-13T23:50:00Z,2.63
2023-03-13T23:55:00Z,2.455
2023-03-14T00:00:00Z,2.504
2023-03-14T00:05:00Z,2.456
2023-03-14T00:10:00Z,2.602
2023-03-14T00:15:00Z,2.557
2023-03-14T00:20:00Z,2.402
2023-03-14T00:25:00Z,2.233
2023-03-14T00:30:00Z,2.175
2023-03-14T00:35:00Z,2.098
2023-03-14T00:40:00Z,2.057
2023-03-14T00:45:00Z,1.996
2023-03-14T00:50:00Z,1.926
2023-03-14T00:55:00Z,1.927
2023-03-14T01:00:00Z,1.888
2023-03-14T01:05:00Z,1.968
2023-03-14T01:10:00Z,1.859
2023-03-14T01:15:00Z,1.66
2023-03-14T01:20:00Z,1.775
2023-03-14T01:25:00Z,1.638
2023-03-14T01:30:00Z,1.648
2023-03-14T01:35:00Z,1.661
2023-03-14T01:40:00Z,1.642
2023-03-14T01:45:00Z,1.635
2023-03-14T01:50:00Z,1.563
2023-03-14T01:55:00Z,1.628
2023-03-14T02:00:00Z,1.565
2023-03-14T02:05:00Z,1.326
2023-03-14T02:10:00Z,1.352
2023-03-14T02:15:00Z,1.261
2023-03-14T02:20:00Z,1.221
2023-03-14T02:25:00Z,1.298
2023-03-14T02:30:00Z,1.214
2023-03-14T02:35:00Z,1.26
2023-03-14T02:40:00Z,1.083
2023-03-14T02:45:00Z,1.143
2023-03-14T02:50:00Z,1.096
2023-03-14T02:55:00Z,1.235
2023-03-14T03:00:00Z,1.067
2023-03-14T03:05:00Z,1.064
2023-03-14T03:10:00Z,1.127
2023-03-14T03:15:00Z,1.0
2023-03-14T03:20:00Z,1.07
2023-03-14T03:25:00Z,1.023
2023-03-14T03:30:00Z,0.994
2023-03-14T03:35:00Z,1.113
2023-03-14T03:40:00Z,1.114
2023-03-14T03:45:00Z,1.026
2023-03-14T03:50:00Z,1.097
2023-03-14T03:55:00Z,1.145
2023-03-14T04:00:00Z,1.124
2023-03-14T04:05:00Z,1.201
2023-03-14T04:10:00Z,1.143
2023-03-14T04:15:00Z,1.203
2023-03-14T04:20:00Z,1.107
2023-03-14T04:25:00Z,1.108
2023-03-14T04:30:00Z,1.213
2023-03-14T04:35:00Z,1.124
2023-03-14T04:40:00Z,1.264
2023-03-14T04:45:00Z,1.312
2023-03-14T04:50:00Z,1.315
2023-03-14T04:55:00Z,1.326
2023-03-14T05:00:00Z,1.34
2023-03-14T05:05:00Z,1.355
2023-03-14T05:10:00Z,1.379
2023-03-14T05:15:00Z,1.446
2023-03-14T05:20:00Z,1.449
2023-03-14T05:25:00Z,1.659
2023-03-14T05:30:00Z,1.524
2023-03-14T05:35:00Z,1.592
2023-03-14T05:40:00Z,1.647
2023-03-14T05:45:00Z,1.672
2023-03-14T05:50:00Z,1.683
2023-03-14T05:55:00Z,1.783
2023-03-14T06:00:00Z,1.775
2023-03-14T06:05:00Z,1.847
2023-03-14T06:10:00Z,1.868
2023-03-14T06:15:00Z,2.12
2023-03-14T06:20:00Z,2.056
2023-03-14T06:25:00Z,2.013
2023-03-14T06:30:00Z,2.089
2023-03-14T06:35:00Z,2.167
2023-03-14T06:40:00Z,2.106
2023-03-14T06:45:00Z,2.207
2023-03-14T06:50:00Z,2.228
2023-03-14T06:55:00Z,2.343
2023-03-14T07:00:00Z,2.223
2023-03-14T07:05:00Z,2.347
2023-03-14T07:10:00Z,2.372
2023-03-14T07:15:00Z,2.452
2023-03-14T07:20:00Z,2.498
2023-03-14T07:25:00Z,2.501
2023-03-14T07:30:00Z,2.628
2023-03-14T07:35:00Z,2.516
2023-03-14T07:40:00Z,2.694
2023-03-14T07:45:00Z,2.673
2023-03-14T07:50:00Z,2.716
2023-03-14T07:55:00Z,2.724
2023-03-14T08:00:00Z,2.726
2023-03-14T08:05:00Z,2.831
2023-03-14T08:10:00Z,2.833
2023-03-14T08:15:00Z,2.843
2023-03-14T08:20:00Z,2.774
2023-03-14T08:25:00Z,2.961
2023-03-14T08:30:00Z,2.959
2023-03-14T08:35:00Z,2.961
2023-03-14T08:40:00Z,2.969
2023-03-14T08:45:00Z,2.998
2023-03-14T08:50:00Z,3.009
2023-03-14T08:55:00Z,3.033
2023-03-14T09:00:00Z,3.048
2023-03-14T09:05:00Z,3.017
2023-03-14T09:10:00Z,3.038
2023-03-14T09:15:00Z,3.189
2023-03-14T09:20:00Z,3.126
2023-03-14T09:25:00Z,3.189
2023-03-14T09:30:00Z,3.13
2023-03-14T09:35:00Z,3.172
2023-03-14T09:40:00Z,3.068
2023-03-14T09:45:00Z,3.177
2023-03-14T09:50:00Z,3.218
2023-03-14T09:55:00Z,3.211
2023-03-14T10:00:00Z,3.206
2023-03-14T10:05:00Z,3.222
2023-03-14T10:10:00Z,3.186
2023-03-14T10:15:00Z,3.253
2023-03-14T10:20:00Z,3.193
2023-03-14T10:25:00Z,3.121
2023-03-14T10:30:00Z,3.098
2023-03-14T10:35:00Z,3.069
2023-03-14T10:40:00Z,3.143
2023-03-14T10:45:00Z,3.12
2023-03-14T10:50:00Z,2.976
2023-03-14T10:55:00Z,2.992
2023-03-14T11:00:00Z,3.057
2023-03-14T11:05:00Z,3.039
2023-03-14T11:10:00Z,3.011
2023-03-14T11:15:00Z,2.802
2023-03-14T11:20:00Z,3.011
2023-03-14T11:25:00Z,2.992
2023-03-14T11:30:00Z,2.817
2023-03-14T11:35:00Z,2.742
2023-03-14T11:40:00Z,2.801
2023-03-14T11:45:00Z,2.799
2023-03-14T11:50:00Z,2.778
2023-03-14T11:55:00Z,2.782
2023-03-14T12:00:00Z,2.765
2023-03-14T12:05:00Z,2.649
2023-03-14T12:10:00Z,2.672
2023-03-14T12:15:00Z,2.458
2023-03-14T12:20:00Z,2.586
2023-03-14T12:25:00Z,2.513
2023-03-14T12:30:00Z,2.461
2023-03-14T12:35:00Z,2.329
2023-03-14T12:40:00Z,2.392
2023-03-14T12:45:00Z,2.13
2023-03-14T12:50:00Z,2.183
2023-03-14T12:55:00Z,2.305
2023-03-14T13:00:00Z,2.154
2023-03-14T13:05:00Z,2.126
2023-03-14T13:10:00Z,2.029
2023-03-14T13:15:00Z,1.999
2023-03-14T13:20:00Z,1.9
2023-03-14T13:25:00Z,1.793
2023-03-14T13:30:00Z,1.918
2023-03-14T13:35:00Z,1.825
2023-03-14T13:40:00Z,1.733
2023-03-14T13:45:00Z,1.8
2023-03-14T13:50:00Z,1.701
2023-03-14T13:55:00Z,1.822
2023-03-14T14:00:00Z,1.707
2023-03-14T14:05:00Z,1.629
2023-03-14T14:10:00Z,1.517
2023-03-14T14:15:00Z,1.515
2023-03-14T14:20:00Z,1.295
2023-03-14T14:25:00Z,1.415
2023-03-14T14:30:00Z,1.4
2023-03-14T14:35:00Z,1.345
2023-03-14T14:40:00Z,1.402
2023-03-14T14:45:00Z,1.303
2023-03-14T14:50:00Z,1.302
2023-03-14T14:55:00Z,1.396
2023-03-14T15:00:00Z,1.249
2023-03-14T15:05:00Z,1.268
2023-03-14T15:10:00Z,1.214
2023-03-14T15:15:00Z,1.173
2023-03-14T15:20:00Z,1.191
2023-03-14T15:25:00Z,1.194
2023-03-14T15:30:00Z,1.194
2023-03-14T15:35:00Z,1.276
2023-03-14T15:40:00Z,1.129
2023-03-14T15:45:00Z,1.179
2023-03-14T15:50:00Z,1.223
2023-03-14T15:55:00Z,1.2
2023-03-14T16:00:00Z,1.21
2023-03-14T16:05:00Z,1.164
2023-03-14T16:10:00Z,1.106
2023-03-14T16:15:00Z,1.188
2023-03-14T16:20:00Z,1.083
2023-03-14T16:25:00Z,1.141
2023-03-14T16:30:00Z,1.142
2023-03-14T16:35:00Z,1.152
2023-03-14T16:40:00Z,1.241
2023-03-14T16:45:00Z,1.15
2023-03-14T16:50:00Z,1.16
2023-03-14T16:55:00Z,1.089
2023-03-14T17:00:00Z,1.369
2023-03-14T17:05:00Z,1.264
2023-03-14T17:10:00Z,1.264
2023-03-14T17:15:00Z,1.265
2023-03-14T17:20:00Z,1.291
2023-03-14T17:25:00Z,1.302
2023-03-14T17:30:00Z,1.293
2023-03-14T17:35:00Z,1.41
2023-03-14T17:40:00Z,1.489
2023-03-14T17:45:00Z,1.328
2023-03-14T17:50:00Z,1.445
2023-03-14T17:55:00Z,1.428
2023-03-14T18:00:00Z,1.448
2023-03-14T18:05:00Z,1.556
2023-03-14T18:10:00Z,1.55
2023-03-14T18:15:00Z,1.55
2023-03-14T18:20:00Z,1.674
2023-03-14T18:25:00Z,1.628
2023-03-14T18:30:00Z,1.815
2023-03-14T18:35:00Z,1.711
2023-03-14T18:40:00Z,1.617
2023-03-14T18:45:00Z,1.736
2023-03-14T18:50:00Z,1.734
2023-03-14T18:55:00Z,1.912
2023-03-14T19:00:00Z,2.111
2023-03-14T19:05:00Z,1.974
2023-03-14T19:10:00Z,2.069
2023-03-14T19:15:00Z,2.137
2023-03-14T19:20:00Z,2.138
2023-03-14T19:25:00Z,1.996
2023-03-14T19:30:00Z,2.152
2023-03-14T19:35:00Z,2.326
2023-03-14T19:40:00Z,2.217
2023-03-14T19:45:00Z,2.276
2023-03-14T19:50:00Z,2.322
2023-03-14T19:55:00Z,2.391
2023-03-14T20:00:00Z,2.365
2023-03-14T20:05:00Z,2.575
2023-03-14T20:10:00Z,2.523
2023-03-14T20:15:00Z,2.387
2023-03-14T20:20:00Z,2.5
2023-03-14T20:25:00Z,2.516
2023-03-14T20:30:00Z,2.55
2023-03-14T20:35:00Z,2.545
2023-03-14T20:40:00Z,2.611
2023-03-14T20:45:00Z,2.85
2023-03-14T20:50:00Z,2.628
2023-03-14T20:55:00Z,2.76
2023-03-14T21:00:00Z,2.75
2023-03-14T21:05:00Z,2.792
2023-03-14T21:10:00Z,2.681
2023-03-14T21:15:00Z,2.684
2023-03-14T21:20:00Z,2.756
2023-03-14T21:25:00Z,2.841
2023-03-14T21:30:00Z,2.896
2023-03-14T21:35:00Z,2.962
2023-03-14T21:40:00Z,2.894
2023-03-14T21:45:00Z,2.749
2023-03-14T21:50:00Z,2.891
2023-03-14T21:55:00Z,3.111
2023-03-14T22:00:00Z,2.951
2023-03-14T22:05:00Z,2.967
2023-03-14T22:10:00Z,3.06
2023-03-14T22:15:00Z,2.905
2023-03-14T22:20:00Z,2.96
2023-03-14T22:25:00Z,3.105
2023-03-14T22:30:00Z,2.971
2023-03-14T22:35:00Z,2.881
2023-03-14T22:40:00Z,2.97
2023-03-14T22:45:00Z,2.979
2023-03-14T22:50:00Z,3.014
2023-03-14T22:55:00Z,3.165
2023-03-14T23:00:00Z,2.997
2023-03-14T23:05:00Z,3.105
2023-03-14T23:10:00Z,3.033
2023-03-14T23:15:00Z,2.981
2023-03-14T23:20:00Z,2.973
2023-03-14T23:25:00Z,2.892
2023-03-14T23:30:00Z,2.789
2023-03-14T23:35:00Z,2.915
2023-03-14T23:40:00Z,2.893
2023-03-14T23:45:00Z,2.86
2023-03-14T23:50:00Z,2.745
2023-03-14T23:55:00Z,2.767
2023-03-15T00:00:00Z,2.636
2023-03-15T00:05:00Z,2.609
2023-03-15T00:10:00Z,2.652
2023-03-15T00:15:00Z,2.56
2023-03-15T00:20:00Z,2.666
2023-03-15T00:25:00Z,2.685
2023-03-15T00:30:00Z,2.511
2023-03-15T00:35:00Z,2.671
2023-03-15T00:40:00Z,2.443
2023-03-15T00:45:00Z,2.517
2023-03-15T00:50:00Z,2.358
2023-03-15T00:55:00Z,2.228
2023-03-15T01:00:00Z,2.377
2023-03-15T01:05:00Z,2.249
2023-03-15T01:10:00Z,2.251
2023-03-15T01:15:00Z,2.21
2023-03-15T01:20:00Z,2.154
2023-03-15T01:25:00Z,2.135
2023-03-15T01:30:00Z,2.103
2023-03-15T01:35:00Z,2.095
2023-03-15T01:40:00Z,1.977
2023-03-15T01:45:00Z,1.909
2023-03-15T01:50:00Z,1.91
2023-03-15T01:55:00Z,1.913
2023-03-15T02:00:00Z,1.867
2023-03-15T02:05:00Z,1.8
2023-03-15T02:10:00Z,1.801
2023-03-15T02:15:00Z,1.804
2023-03-15T02:20:00Z,1.686
2023-03-15T02:25:00Z,1.693
2023-03-15T02:30:00Z,1.618
2023-03-15T02:35:00Z,1.71
2023-03-15T02:40:00Z,1.618
2023-03-15T02:45:00Z,1.77
2023-03-15T02:50:00Z,1.5
2023-03-15T02:55:00Z,1.498
2023-03-15T03:00:00Z,1.535
2023-03-15T03:05:00Z,1.464
2023-03-15T03:10:00Z,1.527
2023-03-15T03:15:00Z,1.484
2023-03-15T03:20:00Z,1.555
2023-03-15T03:25:00Z,1.4
2023-03-15T03:30:00Z,1.345
2023-03-15T03:35:00Z,1.394
2023-03-15T03:40:00Z,1.366
2023-03-15T03:45:00Z,1.358
2023-03-15T03:50:00Z,1.313
2023-03-15T03:55:00Z,1.295
2023-03-15T04:00:00Z,1.292
2023-03-15T04:05:00Z,1.324
2023-03-15T04:10:00Z,1.302
2023-03-15T04:15:00Z,1.291
2023-03-15T04:20:00Z,1.289
2023-03-15T04:25:00Z,1.357
2023-03-15T04:30:00Z,1.332
2023-03-15T04:35:00Z,1.325
2023-03-15T04:40:00Z,1.272
2023-03-15T04:45:00Z,1.296
2023-03-15T04:50:00Z,1.303
2023-03-15T04:55:00Z,1.306
2023-03-15T05:00:00Z,1.314
2023-03-15T05:05:00Z,1.32
2023-03-15T05:10:00Z,1.313
2023-03-15T05:15:00Z,1.309
2023-03-15T05:20:00Z,1.36
2023-03-15T05:25:00Z,1.362
2023-03-15T05:30:00Z,1.411
2023-03-15T05:35:00Z,1.434
2023-03-15T05:40:00Z,1.494
2023-03-15T05:45:00Z,1.502
2023-03-15T05:50:00Z,1.566
2023-03-15T05:55:00Z,1.466
2023-03-15T06:00:00Z,1.44
2023-03-15T06:05:00Z,1.583
2023-03-15T06:10:00Z,1.529
2023-03-15T06:15:00Z,1.597
2023-03-15T06:20:00Z,1.669
2023-03-15T06:25:00Z,1.616
2023-03-15T06:30:00Z,1.659
2023-03-15T06:35:00Z,1.739
2023-03-15T06:40:00Z,1.836
2023-03-15T06:45:00Z,1.789
2023-03-15T06:50:00Z,1.848
2023-03-15T06:55:00Z,1.848
2023-03-15T07:00:00Z,1.847
2023-03-15T07:05:00Z,1.925
2023-03-15T07:10:00Z,1.979
2023-03-15T07:15:00Z,1.87
2023-03-15T07:20:00Z,2.024
2023-03-15T07:25:00Z,2.026
2023-03-15T07:30:00Z,2.03
2023-03-15T07:35:00Z,2.08
2023-03-15T07:40:00Z,2.171
2023-03-15T07:45:00Z,2.173
2023-03-15T07:50:00Z,2.137
2023-03-15T07:55:00Z,2.201
2023-03-15T08:00:00Z,2.298
2023-03-15T08:05:00Z,2.308
2023-03-15T08:10:00Z,2.29
2023-03-15T08:15:00Z,2.386
2023-03-15T08:20:00Z,2.405
2023-03-15T08:25:00Z,2.358
2023-03-15T08:30:00Z,2.473
2023-03-15T08:35:00Z,2.495
2023-03-15T08:40:00Z,2.46
2023-03-15T08:45:00Z,2.459
2023-03-15T08:50:00Z,2.483
2023-03-15T08:55:00Z,2.446
2023-03-15T09:00:00Z,2.595
2023-03-15T09:05:00Z,2.593
2023-03-15T09:10:00Z,2.561
2023-03-15T09:15:00Z,2.669
2023-03-15T09:20:00Z,2.67
2023-03-15T09:25:00Z,2.534
2023-03-15T09:30:00Z,2.676
2023-03-15T09:35:00Z,2.781
2023-03-15T09:40:00Z,2.738
2023-03-15T09:45:00Z,2.778
2023-03-15T09:50:00Z,2.796
2023-03-15T09:55:00Z,2.846
2023-03-15T10:00:00Z,2.868
2023-03-15T10:05:00Z,2.821
2023-03-15T10:10:00Z,2.798
2023-03-15T10:15:00Z,2.856
2023-03-15T10:20:00Z,2.914
2023-03-15T10:25:00Z,2.963
2023-03-15T10:30:00Z,2.877
2023-03-15T10:35:00Z,2.88
2023-03-15T10:40:00Z,2.883
2023-03-15T10:45:00Z,2.912
2023-03-15T10:50:00Z,2.857
2023-03-15T10:55:00Z,2.971
2023-03-15T11:00:00Z,2.884
2023-03-15T11:05:00Z,2.912
2023-03-15T11:10:00Z,2.948
2023-03-15T11:15:00Z,2.845
2023-03-15T11:20:00Z,2.999
2023-03-15T11:25:00Z,2.996
2023-03-15T11:30:00Z,3.039
2023-03-15T11:35:00Z,2.935
2023-03-15T11:40:00Z,3.005
2023-03-15T11:45:00Z,2.928
2023-03-15T11:50:00Z,2.927
2023-03-15T11:55:00Z,2.926
2023-03-15T12:00:00Z,2.95
2023-03-15T12:05:00Z,2.78
2023-03-15T12:10:00Z,2.925
2023-03-15T12:15:00Z,2.827
2023-03-15T12:20:00Z,2.853
2023-03-15T12:25:00Z,2.887
2023-03-15T12:30:00Z,2.807
2023-03-15T12:35:00Z,2.895
2023-03-15T12:40:00Z,2.874
2023-03-15T12:45:00Z,2.866
2023-03-15T12:50:00Z,2.708
2023-03-15T12:55:00Z,2.708
2023-03-15T13:00:00Z,2.576
2023-03-15T13:05:00Z,2.593
2023-03-15T13:10:00Z,2.514
2023-03-15T13:15:00Z,2.633
2023-03-15T13:20:00Z,2.566
2023-03-15T13:25:00Z,2.743
2023-03-15T13:30:00Z,2.479
2023-03-15T13:35:00Z,2.546
2023-03-15T13:40:00Z,2.441
2023-03-15T13:45:00Z,2.418
2023-03-15T13:50:00Z,2.323
2023-03-15T13:55:00Z,2.34
2023-03-15T14:00:00Z,2.317
2023-03-15T14:05:00Z,2.309
2023-03-15T14:10:00Z,2.203
2023-03-15T14:15:00Z,2.205
2023-03-15T14:20:00Z,2.283
2023-03-15T14:25:00Z,2.188
2023-03-15T14:30:00Z,2.046
2023-03-15T14:35:00Z,2.119
2023-03-15T14:40:00Z,2.122
2023-03-15T14:45:00Z,2.084
2023-03-15T14:50:00Z,2.077
2023-03-15T14:55:00Z,2.054
2023-03-15T15:00:00Z,1.994
2023-03-15T15:05:00Z,1.82
2023-03-15T15:10:00Z,2.05
2023-03-15T15:15:00Z,2.09
2023-03-15T15:20:00Z,1.92
2023-03-15T15:25:00Z,1.852
2023-03-15T15:30:00Z,1.853
2023-03-15T15:35:00Z,1.913
2023-03-15T15:40:00Z,1.871
2023-03-15T15:45:00Z,1.789
2023-03-15T15:50:00Z,1.813
2023-03-15T15:55:00Z,1.642
2023-03-15T16:00:00Z,1.897
2023-03-15T16:05:00Z,1.809
2023-03-15T16:10:00Z,1.787
2023-03-15T16:15:00Z,1.869
2023-03-15T16:20:00Z,1.701
2023-03-15T16:25:00Z,1.61
2023-03-15T16:30:00Z,1.804
2023-03-15T16:35:00Z,1.76
2023-03-15T16:40:00Z,1.739
2023-03-15T16:45:00Z,1.735
2023-03-15T16:50:00Z,1.734
2023-03-15T16:55:00Z,1.656
2023-03-15T17:00:00Z,1.665
2023-03-15T17:05:00Z,1.668
2023-03-15T17:10:00Z,1.688
2023-03-15T17:15:00Z,1.586
2023-03-15T17:20:00Z,1.649
2023-03-15T17:25:00Z,1.748
2023-03-15T17:30:00Z,1.748
2023-03-15T17:35:00Z,1.838
2023-03-15T17:40:00Z,1.765
2023-03-15T17:45:00Z,1.764
2023-03-15T17:50:00Z,1.766
2023-03-15T17:55:00Z,1.769
2023-03-15T18:00:00Z,1.837
2023-03-15T18:05:00Z,1.81
2023-03-15T18:10:00Z,1.857
2023-03-15T18:15:00Z,1.731
2023-03-15T18:20:00Z,1.991
2023-03-15T18:25:00Z,1.903
2023-03-15T18:30:00Z,1.749
2023-03-15T18:35:00Z,1.895
2023-03-15T18:40:00Z,1.77
2023-03-15T18:45:00Z,1.835
2023-03-15T18:50:00Z,1.984
2023-03-15T18:55:00Z,1.939
2023-03-15T19:00:00Z,1.941
2023-03-15T19:05:00Z,1.952
2023-03-15T19:10:00Z,1.969
2023-03-15T19:15:00Z,1.934
2023-03-15T19:20:00Z,2.158
2023-03-15T19:25:00Z,2.168
2023-03-15T19:30:00Z,2.135
2023-03-15T19:35:00Z,2.138
2023-03-15T19:40:00Z,2.123
2023-03-15T19:45:00Z,2.234
2023-03-15T19:50:00Z,2.243
2023-03-15T19:55:00Z,2.246
2023-03-15T20:00:00Z,2.139
2023-03-15T20:05:00Z,2.323
2023-03-15T20:10:00Z,2.396
2023-03-15T20:15:00Z,2.386
2023-03-15T20:20:00Z,2.601
2023-03-15T20:25:00Z,2.459
2023-03-15T20:30:00Z,2.575
2023-03-15T20:35:00Z,2.621
2023-03-15T20:40:00Z,2.639
2023-03-15T20:45:00Z,2.598
2023-03-15T20:50:00Z,2.595
2023-03-15T20:55:00Z,2.754
2023-03-15T21:00:00Z,2.796
2023-03-15T21:05:00Z,2.795
2023-03-15T21:10:00Z,2.693
2023-03-15T21:15:00Z,2.751
2023-03-15T21:20:00Z,2.821
2023-03-15T21:25:00Z,2.781
2023-03-15T21:30:00Z,2.842
2023-03-15T21:35:00Z,2.908
2023-03-15T21:40:00Z,2.898
2023-03-15T21:45:00Z,2.99
2023-03-15T21:50:00Z,2.776
2023-03-15T21:55:00Z,2.897
2023-03-15T22:00:00Z,3.048
2023-03-15T22:05:00Z,3.019
2023-03-15T22:10:00Z,2.95
2023-03-15T22:15:00Z,3.008
2023-03-15T22:20:00Z,3.119
2023-03-15T22:25:00Z,3.198
2023-03-15T22:30:00Z,3.175
2023-03-15T22:35:00Z,3.111
2023-03-15T22:40:00Z,3.152
2023-03-15T22:45:00Z,3.237
2023-03-15T22:50:00Z,2.966
2023-03-15T22:55:00Z,3.224
2023-03-15T23:00:00Z,3.175
2023-03-15T23:05:00Z,3.258
2023-03-15T23:10:00Z,3.112
2023-03-15T23:15:00Z,3.204
2023-03-15T23:20:00Z,3.213
2023-03-15T23:25:00Z,3.177
2023-03-15T23:30:00Z,3.278
2023-03-15T23:35:00Z,3.326
2023-03-15T23:40:00Z,3.257
2023-03-15T23:45:00Z,3.259
2023-03-15T23:50:00Z,3.158
2023-03-15T23:55:00Z,3.384
2023-03-16T00:00:00Z,3.166
2023-03-16T00:05:00Z,3.182
2023-03-16T00:10:00Z,3.24
2023-03-16T00:15:00Z,3.268
2023-03-16T00:20:00Z,3.139
2023-03-16T00:25:00Z,3.266
2023-03-16T00:30:00Z,3.182
2023-03-16T00:35:00Z,3.254
2023-03-16T00:40:00Z,3.143
2023-03-16T00:45:00Z,3.192
2023-03-16T00:50:00Z,3.199
2023-03-16T00:55:00Z,3.115
2023-03-16T01:00:00Z,3.091
2023-03-16T01:05:00Z,3.105
2023-03-16T01:10:00Z,3.063
2023-03-16T01:15:00Z,3.063
2023-03-16T01:20:00Z,3.062
2023-03-16T01:25:00Z,3.069
2023-03-16T01:30:00Z,3.072
2023-03-16T01:35:00Z,2.93
2023-03-16T01:40:00Z,2.939
2023-03-16T01:45:00Z,2.902
2023-03-16T01:50:00Z,2.873
2023-03-16T01:55:00Z,2.855
2023-03-16T02:00:00Z,2.785
2023-03-16T02:05:00Z,2.858
2023-03-16T02:10:00Z,2.735
2023-03-16T02:15:00Z,2.743
2023-03-16T02:20:00Z,2.745
2023-03-16T02:25:00Z,2.711
2023-03-16T02:30:00Z,2.695
2023-03-16T02:35:00Z,2.58
2023-03-16T02:40:00Z,2.63
2023-03-16T02:45:00Z,2.583
2023-03-16T02:50:00Z,2.561
2023-03-16T02:55:00Z,2.573
2023-03-16T03:00:00Z,2.395
2023-03-16T03:05:00Z,2.571
2023-03-16T03:10:00Z,2.417
2023-03-16T03:15:00Z,2.319
2023-03-16T03:20:00Z,2.347
2023-03-16T03:25:00Z,2.31
2023-03-16T03:30:00Z,2.232
2023-03-16T03:35:00Z,2.24
2023-03-16T03:40:00Z,2.191
2023-03-16T03:45:00Z,2.209
2023-03-16T03:50:00Z,2.188
2023-03-16T03:55:00Z,2.161
2023-03-16T04:00:00Z,2.108
2023-03-16T04:05:00Z,2.117
2023-03-16T04:10:00Z,2.134
2023-03-16T04:15:00Z,1.977
2023-03-16T04:20:00Z,2.077
2023-03-16T04:25:00Z,2.003
2023-03-16T04:30:00Z,1.931
2023-03-16T04:35:00Z,1.932
2023-03-16T04:40:00Z,1.953
2023-03-16T04:45:00Z,1.939
2023-03-16T04:50:00Z,1.933
2023-03-16T04:55:00Z,1.949
2023-03-16T05:00:00Z,1.888
2023-03-16T05:05:00Z,1.832
2023-03-16T05:10:00Z,1.892
2023-03-16T05:15:00Z,1.868
2023-03-16T05:20:00Z,1.843
2023-03-16T05:25:00Z,1.839
2023-03-16T05:30:00Z,1.868
2023-03-16T05:35:00Z,1.814
2023-03-16T05:40:00Z,1.765
2023-03-16T05:45:00Z,1.823
2023-03-16T05:50:00Z,1.653
2023-03-16T05:55:00Z,1.913
2023-03-16T06:00:00Z,1.663
2023-03-16T06:05:00Z,1.812
2023-03-16T06:10:00Z,1.751
2023-03-16T06:15:00Z,1.73
2023-03-16T06:20:00Z,1.724
2023-03-16T06:25:00Z,1.772
2023-03-16T06:30:00Z,1.825
2023-03-16T06:35:00Z,1.803
2023-03-16T06:40:00Z,1.81
2023-03-16T06:45:00Z,1.732
2023-03-16T06:50:00Z,1.877
2023-03-16T06:55:00Z,1.877
2023-03-16T07:00:00Z,1.746
2023-03-16T07:05:00Z,1.87
2023-03-16T07:10:00Z,1.887
2023-03-16T07:15:00Z,1.83
2023-03-16T07:20:00Z,1.853
2023-03-16T07:25:00Z,1.993
2023-03-16T07:30:00Z,1.876
2023-03-16T07:35:00Z,1.901
2023-03-16T07:40:00Z,1.981
2023-03-16T07:45:00Z,1.981
2023-03-16T07:50:00Z,1.937
2023-03-16T07:55:00Z,1.959
2023-03-16T08:00:00Z,2.058
2023-03-16T08:05:00Z,1.992
2023-03-16T08:10:00Z,2.06
2023-03-16T08:15:00Z,2.076
2023-03-16T08:20:00Z,2.082
2023-03-16T08:25:00Z,2.183
2023-03-16T08:30:00Z,2.184
2023-03-16T08:35:00Z,2.183
2023-03-16T08:40:00Z,2.123
2023-03-16T08:45:00Z,2.213
2023-03-16T08:50:00Z,2.266
2023-03-16T08:55:00Z,2.267
2023-03-16T09:00:00Z,2.325
2023-03-16T09:05:00Z,2.345
2023-03-16T09:10:00Z,2.35
2023-03-16T09:15:00Z,2.429
2023-03-16T09:20:00Z,2.408
2023-03-16T09:25:00Z,2.393
2023-03-16T09:30:00Z,2.499
2023-03-16T09:35:00Z,2.522
2023-03-16T09:40:00Z,2.579
2023-03-16T09:45:00Z,2.582
2023-03-16T09:50:00Z,2.55
2023-03-16T09:55:00Z,2.552
2023-03-16T10:00:00Z,2.64
2023-03-16T10:05:00Z,2.642
2023-03-16T10:10:00Z,2.695
2023-03-16T10:15:00Z,2.694
2023-03-16T10:20:00Z,2.848
2023-03-16T10:25:00Z,2.749
2023-03-16T10:30:00Z,2.777
2023-03-16T10:35:00Z,2.728
2023-03-16T10:40:00Z,2.805
2023-03-16T10:45:00Z,2.881
2023-03-16T10:50:00Z,2.859
2023-03-16T10:55:00Z,2.852
2023-03-16T11:00:00Z,2.836
2023-03-16T11:05:00Z,2.89
2023-03-16T11:10:00Z,2.899
2023-03-16T11:15:00Z,2.963
2023-03-16T11:20:00Z,2.962
2023-03-16T11:25:00Z,2.965
2023-03-16T11:30:00Z,2.976
2023-03-16T11:35:00Z,3.01
2023-03-16T11:40:00Z,2.951
2023-03-16T11:45:00Z,3.09
2023-03-16T11:50:00Z,3.11
2023-03-16T11:55:00Z,3.034
2023-03-16T12:00:00Z,3.061
2023-03-16T12:05:00Z,3.069
2023-03-16T12:10:00Z,3.061
2023-03-16T12:15:00Z,3.094
2023-03-16T12:20:00Z,3.139
2023-03-16T12:25:00Z,3.116
2023-03-16T12:30:00Z,3.134
2023-03-16T12:35:00Z,3.203
2023-03-16T12:40:00Z,3.124
2023-03-16T12:45:00Z,3.188
2023-03-16T12:50:00Z,3.122
2023-03-16T12:55:00Z,3.145
2023-03-16T13:00:00Z,3.138
2023-03-16T13:05:00Z,3.195
2023-03-16T13:10:00Z,3.211
2023-03-16T13:15:00Z,3.19
2023-03-16T13:20:00Z,3.103
2023-03-16T13:25:00Z,3.175
2023-03-16T13:30:00Z,3.023
2023-03-16T13:35:00Z,3.071
2023-03-16T13:40:00Z,3.045
2023-03-16T13:45:00Z,2.985
2023-03-16T13:50:00Z,3.076
2023-03-16T13:55:00Z,3.074
2023-03-16T14:00:00Z,3.038
2023-03-16T14:05:00Z,3.056
2023-03-16T14:10:00Z,3.02
2023-03-16T14:15:00Z,3.027
2023-03-16T14:20:00Z,2.972
2023-03-16T14:25:00Z,2.894
2023-03-16T14:30:00Z,2.976
2023-03-16T14:35:00Z,2.894
2023-03-16T14:40:00Z,2.807
2023-03-16T14:45:00Z,2.816
2023-03-16T14:50:00Z,2.902
2023-03-16T14:55:00Z,2.751
2023-03-16T15:00:00Z,2.753
2023-03-16T15:05:00Z,2.756
2023-03-16T15:10:00Z,2.689
2023-03-16T15:15:00Z,2.622
2023-03-16T15:20:00Z,2.649
2023-03-16T15:25:00Z,2.578
2023-03-16T15:30:00Z,2.605
2023-03-16T15:35:00Z,2.636
2023-03-16T15:40:00Z,2.566
2023-03-16T15:45:00Z,2.537
2023-03-16T15:50:00Z,2.527
2023-03-16T15:55:00Z,2.529
2023-03-16T16:00:00Z,2.439
2023-03-16T16:05:00Z,2.456
2023-03-16T16:10:00Z,2.436
2023-03-16T16:15:00Z,2.443
2023-03-16T16:20:00Z,2.369
2023-03-16T16:25:00Z,2.282
2023-03-16T16:30:00Z,2.296
2023-03-16T16:35:00Z,2.23
2023-03-16T16:40:00Z,2.291
2023-03-16T16:45:00Z,2.27
2023-03-16T16:50:00Z,2.26
2023-03-16T16:55:00Z,2.162
2023-03-16T17:00:00Z,2.137
2023-03-16T17:05:00Z,2.157
2023-03-16T17:10:00Z,2.144
2023-03-16T17:15:00Z,2.13
2023-03-16T17:20:00Z,2.183
2023-03-16T17:25:00Z,2.126
2023-03-16T17:30:00Z,2.033
2023-03-16T17:35:00Z,2.011
2023-03-16T17:40:00Z,2.089
2023-03-16T17:45:00Z,1.918
2023-03-16T17:50:00Z,2.009
2023-03-16T17:55:00Z,1.984
2023-03-16T18:00:00Z,1.924
2023-03-16T18:05:00Z,1.865
2023-03-16T18:10:00Z,1.91
2023-03-16T18:15:00Z,1.957
2023-03-16T18:20:00Z,1.87
2023-03-16T18:25:00Z,1.892
2023-03-16T18:30:00Z,1.859
2023-03-16T18:35:00Z,1.88
2023-03-16T18:40:00Z,1.821
2023-03-16T18:45:00Z,1.879
2023-03-16T18:50:00Z,1.938
2023-03-16T18:55:00Z,1.887
2023-03-16T19:00:00Z,1.869
2023-03-16T19:05:00Z,1.841
2023-03-16T19:10:00Z,1.77
2023-03-16T19:15:00Z,1.857
2023-03-16T19:20:00Z,1.809
2023-03-16T19:25:00Z,1.834
2023-03-16T19:30:00Z,1.942
2023-03-16T19:35:00Z,1.887
2023-03-16T19:40:00Z,1.863
2023-03-16T19:45:00Z,1.945
2023-03-16T19:50:00Z,1.898
2023-03-16T19:55:00Z,1.905
2023-03-16T20:00:00Z,1.935
2023-03-16T20:05:00Z,1.945
2023-03-16T20:10:00Z,2.098
2023-03-16T20:15:00Z,1.968
2023-03-16T20:20:00Z,1.985
2023-03-16T20:25:00Z,2.056
2023-03-16T20:30:00Z,1.994
2023-03-16T20:35:00Z,2.058
2023-03-16T20:40:00Z,2.05
2023-03-16T20:45:00Z,2.057
2023-03-16T20:50:00Z,2.254
2023-03-16T20:55:00Z,2.101
2023-03-16T21:00:00Z,2.216
2023-03-16T21:05:00Z,2.077
2023-03-16T21:10:00Z,2.215
2023-03-16T21:15:00Z,2.184
2023-03-16T21:20:00Z,2.225
2023-03-16T21:25:00Z,2.251
2023-03-16T21:30:00Z,2.26
2023-03-16T21:35:00Z,2.319
2023-03-16T21:40:00Z,2.399
2023-03-16T21:45:00Z,2.332
2023-03-16T21:50:00Z,2.413
2023-03-16T21:55:00Z,2.433
2023-03-16T22:00:00Z,2.439
2023-03-16T22:05:00Z,2.532
2023-03-16T22:10:00Z,2.506
2023-03-16T22:15:00Z,2.5
2023-03-16T22:20:00Z,2.494
2023-03-16T22:25:00Z,2.665
2023-03-16T22:30:00Z,2.565
2023-03-16T22:35:00Z,2.773
2023-03-16T22:40:00Z,2.681
2023-03-16T22:45:00Z,2.658
2023-03-16T22:50:00Z,2.768
2023-03-16T22:55:00Z,2.828
2023-03-16T23:00:00Z,2.78
2023-03-16T23:05:00Z,2.839
2023-03-16T23:10:00Z,2.747
2023-03-16T23:15:00Z,2.846
2023-03-16T23:20:00Z,2.901
2023-03-16T23:25:00Z,2.825
2023-03-16T23:30:00Z,2.958
2023-03-16T23:35:00Z,2.981
2023-03-16T23:40:00Z,2.988
2023-03-16T23:45:00Z,2.979
2023-03-16T23:50:00Z,3.052
2023-03-16T23:55:00Z,3.036
2023-03-17T00:00:00Z,3.121
2023-03-17T00:05:00Z,3.05
2023-03-17T00:10:00Z,3.175
2023-03-17T00:15:00Z,3.067
2023-03-17T00:20:00Z,3.174
2023-03-17T00:25:00Z,3.176
2023-03-17T00:30:00Z,3.066
2023-03-17T00:35:00Z,3.201
2023-03-17T00:40:00Z,3.133
2023-03-17T00:45:00Z,3.223
2023-03-17T00:50:00Z,3.201
2023-03-17T00:55:00Z,3.26
2023-03-17T01:00:00Z,3.216
2023-03-17T01:05:00Z,3.213
2023-03-17T01:10:00Z,3.224
2023-03-17T01:15:00Z,3.161
2023-03-17T01:20:00Z,3.222
2023-03-17T01:25:00Z,3.246
2023-03-17T01:30:00Z,3.253
2023-03-17T01:35:00Z,3.255
2023-03-17T01:40:00Z,3.255
2023-03-17T01:45:00Z,3.23
2023-03-17T01:50:00Z,3.276
2023-03-17T01:55:00Z,3.299
2023-03-17T02:00:00Z,3.208
2023-03-17T02:05:00Z,3.147
2023-03-17T02:10:00Z,3.327
2023-03-17T02:15:00Z,3.328
2023-03-17T02:20:00Z,3.166
2023-03-17T02:25:00Z,3.216
2023-03-17T02:30:00Z,3.087
2023-03-17T02:35:00Z,3.096
2023-03-17T02:40:00Z,3.112
2023-03-17T02:45:00Z,3.022
2023-03-17T02:50:00Z,3.071
2023-03-17T02:55:00Z,2.935
2023-03-17T03:00:00Z,2.908
2023-03-17T03:05:00Z,3.048
2023-03-17T03:10:00Z,2.915
2023-03-17T03:15:00Z,2.972
2023-03-17T03:20:00Z,2.946
2023-03-17T03:25:00Z,2.886
2023-03-17T03:30:00Z,2.733
2023-03-17T03:35:00Z,2.794
2023-03-17T03:40:00Z,2.866
2023-03-17T03:45:00Z,2.809
2023-03-17T03:50:00Z,2.806
2023-03-17T03:55:00Z,2.71
2023-03-17T04:00:00Z,2.635
2023-03-17T04:05:00Z,2.611
2023-03-17T04:10:00Z,2.549
2023-03-17T04:15:00Z,2.608
2023-03-17T04:20:00Z,2.502
2023-03-17T04:25:00Z,2.447
2023-03-17T04:30:00Z,2.396
2023-03-17T04:35:00Z,2.398
2023-03-17T04:40:00Z,2.421
2023-03-17T04:45:00Z,2.289
2023-03-17T04:50:00Z,2.26
2023-03-17T04:55:00Z,2.345
2023-03-17T05:00:00Z,2.232
2023-03-17T05:05:00Z,2.229
2023-03-17T05:10:00Z,2.226
2023-03-17T05:15:00Z,2.078
2023-03-17T05:20:00Z,2.063
2023-03-17T05:25:00Z,2.1
2023-03-17T05:30:00Z,2.048
2023-03-17T05:35:00Z,2.05
2023-03-17T05:40:00Z,2.053
2023-03-17T05:45:00Z,2.055
2023-03-17T05:50:00Z,1.972
2023-03-17T05:55:00Z,1.931
2023-03-17T06:00:00Z,1.951
2023-03-17T06:05:00Z,1.765
2023-03-17T06:10:00Z,1.846
2023-03-17T06:15:00Z,1.845
2023-03-17T06:20:00Z,1.847
2023-03-17T06:25:00Z,1.809
2023-03-17T06:30:00Z,1.728
2023-03-17T06:35:00Z,1.772
2023-03-17T06:40:00Z,1.77
2023-03-17T06:45:00Z,1.664
2023-03-17T06:50:00Z,1.797
2023-03-17T06:55:00Z,1.745
2023-03-17T07:00:00Z,1.679
2023-03-17T07:05:00Z,1.541
2023-03-17T07:10:00Z,1.723
2023-03-17T07:15:00Z,1.657
2023-03-17T07:20:00Z,1.658
2023-03-17T07:25:00Z,1.657
2023-03-17T07:30:00Z,1.658
2023-03-17T07:35:00Z,1.58
2023-03-17T07:40:00Z,1.579
2023-03-17T07:45:00Z,1.519
2023-03-17T07:50:00Z,1.624
2023-03-17T07:55:00Z,1.513
2023-03-17T08:00:00Z,1.543
2023-03-17T08:05:00Z,1.624
2023-03-17T08:10:00Z,1.577
2023-03-17T08:15:00Z,1.556
2023-03-17T08:20:00Z,1.664
2023-03-17T08:25:00Z,1.528
2023-03-17T08:30:00Z,1.528
2023-03-17T08:35:00Z,1.581
2023-03-17T08:40:00Z,1.679
2023-03-17T08:45:00Z,1.658
2023-03-17T08:50:00Z,1.65
2023-03-17T08:55:00Z,1.624
2023-03-17T09:00:00Z,1.619
2023-03-17T09:05:00Z,1.603
2023-03-17T09:10:00Z,1.767
2023-03-17T09:15:00Z,1.663
2023-03-17T09:20:00Z,1.671
2023-03-17T09:25:00Z,1.761
2023-03-17T09:30:00Z,1.709
2023-03-17T09:35:00Z,1.936
2023-03-17T09:40:00Z,1.927
2023-03-17T09:45:00Z,1.859
2023-03-17T09:50:00Z,1.914
2023-03-17T09:55:00Z,1.913
2023-03-17T10:00:00Z,1.932
2023-03-17T10:05:00Z,1.92
2023-03-17T10:10:00Z,2.002
2023-03-17T10:15:00Z,2.005
2023-03-17T10:20:00Z,2.124
2023-03-17T10:25:00Z,2.115
2023-03-17T10:30:00Z,1.986
2023-03-17T10:35:00Z,2.105
2023-03-17T10:40:00Z,2.13
2023-03-17T10:45:00Z,2.227
2023-03-17T10:50:00Z,2.21
2023-03-17T10:55:00Z,2.205
2023-03-17T11:00:00Z,2.309
2023-03-17T11:05:00Z,2.368
2023-03-17T11:10:00Z,2.432
2023-03-17T11:15:00Z,2.229
2023-03-17T11:20:00Z,2.365
2023-03-17T11:25:00Z,2.458
2023-03-17T11:30:00Z,2.399
2023-03-17T11:35:00Z,2.382
2023-03-17T11:40:00Z,2.604
2023-03-17T11:45:00Z,2.55
2023-03-17T11:50:00Z,2.531
2023-03-17T11:55:00Z,2.632
2023-03-17T12:00:00Z,2.682
2023-03-17T12:05:00Z,2.597
2023-03-17T12:10:00Z,2.72
2023-03-17T12:15:00Z,2.65
2023-03-17T12:20:00Z,2.786
2023-03-17T12:25:00Z,2.871
2023-03-17T12:30:00Z,2.874
2023-03-17T12:35:00Z,2.831
2023-03-17T12:40:00Z,2.855
2023-03-17T12:45:00Z,2.916
2023-03-17T12:50:00Z,2.908
2023-03-17T12:55:00Z,2.916
2023-03-17T13:00:00Z,2.936
2023-03-17T13:05:00Z,2.951
2023-03-17T13:10:00Z,2.983
2023-03-17T13:15:00Z,2.968
2023-03-17T13:20:00Z,2.913
2023-03-17T13:25:00Z,3.048
2023-03-17T13:30:00Z,3.048
2023-03-17T13:35:00Z,3.109
2023-03-17T13:40:00Z,3.187
2023-03-17T13:45:00Z,3.179
2023-03-17T13:50:00Z,3.2
2023-03-17T13:55:00Z,3.067
2023-03-17T14:00:00Z,3.024
2023-03-17T14:05:00Z,3.194
2023-03-17T14:10:00Z,3.101
2023-03-17T14:15:00Z,3.225
2023-03-17T14:20:00Z,3.165
2023-03-17T14:25:00Z,3.163
2023-03-17T14:30:00Z,3.212
2023-03-17T14:35:00Z,3.226
2023-03-17T14:40:00Z,3.212
2023-03-17T14:45:00Z,3.204
2023-03-17T14:50:00Z,3.125
2023-03-17T14:55:00Z,3.0
2023-03-17T15:00:00Z,3.098
2023-03-17T15:05:00Z,3.099
2023-03-17T15:10:00Z,3.09
2023-03-17T15:15:00Z,3.084
2023-03-17T15:20:00Z,3.052
2023-03-17T15:25:00Z,3.07
2023-03-17T15:30:00Z,2.934
2023-03-17T15:35:00Z,3.106
2023-03-17T15:40:00Z,2.977
2023-03-17T15:45:00Z,3.016
2023-03-17T15:50:00Z,3.026
2023-03-17T15:55:00Z,2.89
2023-03-17T16:00:00Z,3.057
2023-03-17T16:05:00Z,2.922
2023-03-17T16:10:00Z,2.849
2023-03-17T16:15:00Z,2.859
2023-03-17T16:20:00Z,2.878
2023-03-17T16:25:00Z,2.859
2023-03-17T16:30:00Z,2.857
2023-03-17T16:35:00Z,2.84
2023-03-17T16:40:00Z,2.643
2023-03-17T16:45:00Z,2.714
2023-03-17T16:50:00Z,2.632
2023-03-17T16:55:00Z,2.624
2023-03-17T17:00:00Z,2.479
2023-03-17T17:05:00Z,2.571
2023-03-17T17:10:00Z,2.572
2023-03-17T17:15:00Z,2.519
2023-03-17T17:20:00Z,2.383
2023-03-17T17:25:00Z,2.381
2023-03-17T17:30:00Z,2.348
2023-03-17T17:35:00Z,2.32
2023-03-17T17:40:00Z,2.425
2023-03-17T17:45:00Z,2.4
2023-03-17T17:50:00Z,2.084
2023-03-17T17:55:00Z,2.143
2023-03-17T18:00:00Z,2.235
2023-03-17T18:05:00Z,2.161
2023-03-17T18:10:00Z,2.095
2023-03-17T18:15:00Z,2.092
2023-03-17T18:20:00Z,2.188
2023-03-17T18:25:00Z,2.044
2023-03-17T18:30:00Z,2.016
2023-03-17T18:35:00Z,1.963
2023-03-17T18:40:00Z,1.86
2023-03-17T18:45:00Z,1.923
2023-03-17T18:50:00Z,2.001
2023-03-17T18:55:00Z,1.888
2023-03-17T19:00:00Z,1.896
2023-03-17T19:05:00Z,1.826
2023-03-17T19:10:00Z,1.834
2023-03-17T19:15:00Z,1.863
2023-03-17T19:20:00Z,1.716
2023-03-17T19:25:00Z,1.775
2023-03-17T19:30:00Z,1.647
2023-03-17T19:35:00Z,1.601
2023-03-17T19:40:00Z,1.627
2023-03-17T19:45:00Z,1.694
2023-03-17T19:50:00Z,1.675
2023-03-17T19:55:00Z,1.594
2023-03-17T20:00:00Z,1.564
2023-03-17T20:05:00Z,1.554
2023-03-17T20:10:00Z,1.671
2023-03-17T20:15:00Z,1.593
2023-03-17T20:20:00Z,1.543
2023-03-17T20:25:00Z,1.612
2023-03-17T20:30:00Z,1.558
2023-03-17T20:35:00Z,1.621
2023-03-17T20:40:00Z,1.623
2023-03-17T20:45:00Z,1.56
2023-03-17T20:50:00Z,1.561
2023-03-17T20:55:00Z,1.609
2023-03-17T21:00:00Z,1.505
2023-03-17T21:05:00Z,1.654
2023-03-17T21:10:00Z,1.608
2023-03-17T21:15:00Z,1.625
2023-03-17T21:20:00Z,1.633
2023-03-17T21:25:00Z,1.643
2023-03-17T21:30:00Z,1.628
2023-03-17T21:35:00Z,1.64
2023-03-17T21:40:00Z,1.697
2023-03-17T21:45:00Z,1.696
2023-03-17T21:50:00Z,1.698
2023-03-17T21:55:00Z,1.782
2023-03-17T22:00:00Z,1.756
2023-03-17T22:05:00Z,1.747
2023-03-17T22:10:00Z,1.749
2023-03-17T22:15:00Z,1.882
2023-03-17T22:20:00Z,1.817
2023-03-17T22:25:00Z,1.917
2023-03-17T22:30:00Z,1.857
2023-03-17T22:35:00Z,2.02
2023-03-17T22:40:00Z,2.018
2023-03-17T22:45:00Z,2.117
2023-03-17T22:50:00Z,2.035
2023-03-17T22:55:00Z,2.158
2023-03-17T23:00:00Z,2.106
2023-03-17T23:05:00Z,2.25
2023-03-17T23:10:00Z,2.343
2023-03-17T23:15:00Z,2.217
2023-03-17T23:20:00Z,2.312
2023-03-17T23:25:00Z,2.372
2023-03-17T23:30:00Z,2.312
2023-03-17T23:35:00Z,2.44
2023-03-17T23:40:00Z,2.397
2023-03-17T23:45:00Z,2.423
2023-03-17T23:50:00Z,2.529
2023-03-17T23:55:00Z,2.396
2023-03-18T00:00:00Z,2.661
2023-03-18T00:05:00Z,2.636
2023-03-18T00:10:00Z,2.627
2023-03-18T00:15:00Z,2.712
2023-03-18T00:20:00Z,2.773
2023-03-18T00:25:00Z,2.783
2023-03-18T00:30:00Z,2.811
2023-03-18T00:35:00Z,2.845
2023-03-18T00:40:00Z,2.905
2023-03-18T00:45:00Z,2.99
2023-03-18T00:50:00Z,2.882
2023-03-18T00:55:00Z,2.997
2023-03-18T01:00:00Z,3.02
2023-03-18T01:05:00Z,2.935
2023-03-18T01:10:00Z,3.029
2023-03-18T01:15:00Z,3.198
2023-03-18T01:20:00Z,3.089
2023-03-18T01:25:00Z,3.066
2023-03-18T01:30:00Z,3.235
2023-03-18T01:35:00Z,3.256
2023-03-18T01:40:00Z,3.286
2023-03-18T01:45:00Z,3.19
2023-03-18T01:50:00Z,3.214
2023-03-18T01:55:00Z,3.32
2023-03-18T02:00:00Z,3.296
2023-03-18T02:05:00Z,3.227
2023-03-18T02:10:00Z,3.306
2023-03-18T02:15:00Z,3.356
2023-03-18T02:20:00Z,3.458
2023-03-18T02:25:00Z,3.403
2023-03-18T02:30:00Z,3.429
2023-03-18T02:35:00Z,3.377
2023-03-18T02:40:00Z,3.452
2023-03-18T02:45:00Z,3.453
2023-03-18T02:50:00Z,3.415
2023-03-18T02:55:00Z,3.473
2023-03-18T03:00:00Z,3.475
2023-03-18T03:05:00Z,3.552
2023-03-18T03:10:00Z,3.317
2023-03-18T03:15:00Z,3.391
2023-03-18T03:20:00Z,3.478
2023-03-18T03:25:00Z,3.39
2023-03-18T03:30:00Z,3.388
2023-03-18T03:35:00Z,3.384
2023-03-18T03:40:00Z,3.42
2023-03-18T03:45:00Z,3.273
2023-03-18T03:50:00Z,3.318
2023-03-18T03:55:00Z,3.227
2023-03-18T04:00:00Z,3.237
2023-03-18T04:05:00Z,3.238
2023-03-18T04:10:00Z,3.163
2023-03-18T04:15:00Z,3.023
2023-03-18T04:20:00Z,3.233
2023-03-18T04:25:00Z,3.13
2023-03-18T04:30:00Z,3.089
2023-03-18T04:35:00Z,3.107
2023-03-18T04:40:00Z,2.972
2023-03-18T04:45:00Z,2.954
2023-03-18T04:50:00Z,2.946
2023-03-18T04:55:00Z,2.923
2023-03-18T05:00:00Z,2.896
2023-03-18T05:05:00Z,2.805
2023-03-18T05:10:00Z,2.778
2023-03-18T05:15:00Z,2.729
2023-03-18T05:20:00Z,2.732
2023-03-18T05:25:00Z,2.661
2023-03-18T05:30:00Z,2.631
2023-03-18T05:35:00Z,2.621
2023-03-18T05:40:00Z,2.691
2023-03-18T05:45:00Z,2.557
2023-03-18T05:50:00Z,2.496
2023-03-18T05:55:00Z,2.428
2023-03-18T06:00:00Z,2.316
2023-03-18T06:05:00Z,2.273
2023-03-18T06:10:00Z,2.348
2023-03-18T06:15:00Z,2.256
2023-03-18T06:20:00Z,2.206
2023-03-18T06:25:00Z,2.231
2023-03-18T06:30:00Z,2.212
2023-03-18T06:35:00Z,2.14
2023-03-18T06:40:00Z,2.08
2023-03-18T06:45:00Z,2.001
2023-03-18T06:50:00Z,1.923
2023-03-18T06:55:00Z,1.866
2023-03-18T07:00:00Z,1.892
2023-03-18T07:05:00Z,1.858
2023-03-18T07:10:00Z,1.832
2023-03-18T07:15:00Z,1.82
2023-03-18T07:20:00Z,1.736
2023-03-18T07:25:00Z,1.588
2023-03-18T07:30:00Z,1.711
2023-03-18T07:35:00Z,1.641
2023-03-18T07:40:00Z,1.53
2023-03-18T07:45:00Z,1.549
2023-03-18T07:50:00Z,1.557
2023-03-18T07:55:00Z,1.547
2023-03-18T08:00:00Z,1.496
2023-03-18T08:05:00Z,1.44
2023-03-18T08:10:00Z,1.381
2023-03-18T08:15:00Z,1.391
2023-03-18T08:20:00Z,1.351
2023-03-18T08:25:00Z,1.35
2023-03-18T08:30:00Z,1.357
2023-03-18T08:35:00Z,1.276
2023-03-18T08:40:00Z,1.256
2023-03-18T08:45:00Z,1.274
2023-03-18T08:50:00Z,1.279
2023-03-18T08:55:00Z,1.279
2023-03-18T09:00:00Z,1.258
2023-03-18T09:05:00Z,1.175
2023-03-18T09:10:00Z,1.221
2023-03-18T09:15:00Z,1.22
2023-03-18T09:20:00Z,1.245
2023-03-18T09:25:00Z,1.149
2023-03-18T09:30:00Z,1.209
2023-03-18T09:35:00Z,1.159
2023-03-18T09:40:00Z,1.183
2023-03-18T09:45:00Z,1.219
2023-03-18T09:50:00Z,1.219
2023-03-18T09:55:00Z,1.289
2023-03-18T10:00:00Z,1.28
2023-03-18T10:05:00Z,1.311
2023-03-18T10:10:00Z,1.266
2023-03-18T10:15:00Z,1.31
2023-03-18T10:20:00Z,1.318
2023-03-18T10:25:00Z,1.348
2023-03-18T10:30:00Z,1.339
2023-03-18T10:35:00Z,1.363
2023-03-18T10:40:00Z,1.423
2023-03-18T10:45:00Z,1.478
2023-03-18T10:50:00Z,1.479
2023-03-18T10:55:00Z,1.474
2023-03-18T11:00:00Z,1.476
2023-03-18T11:05:00Z,1.605
2023-03-18T11:10:00Z,1.612
2023-03-18T11:15:00Z,1.665
2023-03-18T11:20:00Z,1.663
2023-03-18T11:25:00Z,1.742
2023-03-18T11:30:00Z,1.749
2023-03-18T11:35:00Z,1.764
2023-03-18T11:40:00Z,1.795
2023-03-18T11:45:00Z,1.801
2023-03-18T11:50:00Z,1.87
2023-03-18T11:55:00Z,1.804
2023-03-18T12:00:00Z,1.981
2023-03-18T12:05:00Z,1.981
2023-03-18T12:10:00Z,1.974
2023-03-18T12:15:00Z,2.21
2023-03-18T12:20:00Z,2.098
2023-03-18T12:25:00Z,2.17
2023-03-18T12:30:00Z,2.179
2023-03-18T12:35:00Z,2.127
2023-03-18T12:40:00Z,2.192
2023-03-18T12:45:00Z,2.326
2023-03-18T12:50:00Z,2.365
2023-03-18T12:55:00Z,2.365
2023-03-18T13:00:00Z,2.39
2023-03-18T13:05:00Z,2.451
2023-03-18T13:10:00Z,2.531
2023-03-18T13:15:00Z,2.488
2023-03-18T13:20:00Z,2.622
2023-03-18T13:25:00Z,2.602
2023-03-18T13:30:00Z,2.595
2023-03-18T13:35:00Z,2.781
2023-03-18T13:40:00Z,2.781
2023-03-18T13:45:00Z,2.753
2023-03-18T13:50:00Z,2.837
2023-03-18T13:55:00Z,2.827
2023-03-18T14:00:00Z,2.889
2023-03-18T14:05:00Z,2.815
2023-03-18T14:10:00Z,2.83
2023-03-18T14:15:00Z,2.946
2023-03-18T14:20:00Z,3.027
2023-03-18T14:25:00Z,2.962
2023-03-18T14:30:00Z,2.904
2023-03-18T14:35:00Z,3.025
2023-03-18T14:40:00Z,3.065
2023-03-18T14:45:00Z,2.986
2023-03-18T14:50:00Z,3.163
2023-03-18T14:55:00Z,3.074
2023-03-18T15:00:00Z,3.146
2023-03-18T15:05:00Z,3.154
2023-03-18T15:10:00Z,3.096
2023-03-18T15:15:00Z,3.118
2023-03-18T15:20:00Z,3.129
2023-03-18T15:25:00Z,3.195
2023-03-18T15:30:00Z,3.252
2023-03-18T15:35:00Z,3.121
2023-03-18T15:40:00Z,3.178
2023-03-18T15:45:00Z,3.179
2023-03-18T15:50:00Z,3.18
2023-03-18T15:55:00Z,3.179
2023-03-18T16:00:00Z,3.122
2023-03-18T16:05:00Z,3.149
2023-03-18T16:10:00Z,3.097
2023-03-18T16:15:00Z,3.096
2023-03-18T16:20:00Z,3.075
2023-03-18T16:25:00Z,2.889
2023-03-18T16:30:00Z,2.973
2023-03-18T16:35:00Z,2.899
2023-03-18T16:40:00Z,2.996
2023-03-18T16:45:00Z,2.938
2023-03-18T16:50:00Z,2.928
2023-03-18T16:55:00Z,2.923
2023-03-18T17:00:00Z,2.826
2023-03-18T17:05:00Z,2.875
2023-03-18T17:10:00Z,2.848
2023-03-18T17:15:00Z,2.778
2023-03-18T17:20:00Z,2.777
2023-03-18T17:25:00Z,2.696
2023-03-18T17:30:00Z,2.666
2023-03-18T17:35:00Z,2.656
2023-03-18T17:40:00Z,2.637
2023-03-18T17:45:00Z,2.589
2023-03-18T17:50:00Z,2.45
2023-03-18T17:55:00Z,2.311
2023-03-18T18:00:00Z,2.381
2023-03-18T18:05:00Z,2.275
2023-03-18T18:10:00Z,2.294
2023-03-18T18:15:00Z,2.171
2023-03-18T18:20:00Z,2.195
2023-03-18T18:25:00Z,2.075
2023-03-18T18:30:00Z,2.143
2023-03-18T18:35:00Z,2.027
2023-03-18T18:40:00Z,2.035
2023-03-18T18:45:00Z,1.946
2023-03-18T18:50:00Z,1.883
2023-03-18T18:55:00Z,1.883
2023-03-18T19:00:00Z,1.858
2023-03-18T19:05:00Z,1.645
2023-03-18T19:10:00Z,1.687
2023-03-18T19:15:00Z,1.687
2023-03-18T19:20:00Z,1.642
2023-03-18T19:25:00Z,1.617
2023-03-18T19:30:00Z,1.608
2023-03-18T19:35:00Z,1.511
2023-03-18T19:40:00Z,1.502
2023-03-18T19:45:00Z,1.497
2023-03-18T19:50:00Z,1.319
2023-03-18T19:55:00Z,1.334
2023-03-18T20:00:00Z,1.365
2023-03-18T20:05:00Z,1.353
2023-03-18T20:10:00Z,1.288
2023-03-18T20:15:00Z,1.157
2023-03-18T20:20:00Z,1.224
2023-03-18T20:25:00Z,1.221
2023-03-18T20:30:00Z,1.143
2023-03-18T20:35:00Z,1.17
2023-03-18T20:40:00Z,1.1
2023-03-18T20:45:00Z,0.938
2023-03-18T20:50:00Z,1.103
2023-03-18T20:55:00Z,1.011
2023-03-18T21:00:00Z,1.011
2023-03-18T21:05:00Z,1.012
2023-03-18T21:10:00Z,1.029
2023-03-18T21:15:00Z,1.051
2023-03-18T21:20:00Z,1.049
2023-03-18T21:25:00Z,1.015
2023-03-18T21:30:00Z,0.946
2023-03-18T21:35:00Z,0.973
2023-03-18T21:40:00Z,0.983
2023-03-18T21:45:00Z,0.908
2023-03-18T21:50:00Z,0.986
2023-03-18T21:55:00Z,0.829
2023-03-18T22:00:00Z,1.098
2023-03-18T22:05:00Z,0.98
2023-03-18T22:10:00Z,0.957
2023-03-18T22:15:00Z,1.035
2023-03-18T22:20:00Z,0.95
2023-03-18T22:25:00Z,1.068
2023-03-18T22:30:00Z,1.113
2023-03-18T22:35:00Z,1.087
2023-03-18T22:40:00Z,1.233
2023-03-18T22:45:00Z,1.183
2023-03-18T22:50:00Z,1.182
2023-03-18T22:55:00Z,1.205
2023-03-18T23:00:00Z,1.139
2023-03-18T23:05:00Z,1.28
2023-03-18T23:10:00Z,1.359
2023-03-18T23:15:00Z,1.266
2023-03-18T23:20:00Z,1.398
2023-03-18T23:25:00Z,1.417
2023-03-18T23:30:00Z,1.524
2023-03-18T23:35:00Z,1.524
2023-03-18T23:40:00Z,1.652
2023-03-18T23:45:00Z,1.649
2023-03-18T23:50:00Z,1.597
2023-03-18T23:55:00Z,1.754
2023-03-19T00:00:00Z,1.756
2023-03-19T00:05:00Z,1.786
2023-03-19T00:10:00Z,1.883
2023-03-19T00:15:00Z,1.903
2023-03-19T00:20:00Z,1.807
2023-03-19T00:25:00Z,1.936
2023-03-19T00:30:00Z,2.089
2023-03-19T00:35:00Z,2.242
2023-03-19T00:40:00Z,2.286
2023-03-19T00:45:00Z,2.287
2023-03-19T00:50:00Z,2.294
2023-03-19T00:55:00Z,2.407
2023-03-19T01:00:00Z,2.547
2023-03-19T01:05:00Z,2.437
2023-03-19T01:10:00Z,2.488
2023-03-19T01:15:00Z,2.616
2023-03-19T01:20:00Z,2.617
2023-03-19T01:25:00Z,2.67
2023-03-19T01:30:00Z,2.78
2023-03-19T01:35:00Z,2.878
2023-03-19T01:40:00Z,2.731
2023-03-19T01:45:00Z,2.739
2023-03-19T01:50:00Z,2.823
2023-03-19T01:55:00Z,2.953
2023-03-19T02:00:00Z,3.02
2023-03-19T02:05:00Z,2.885
2023-03-19T02:10:00Z,2.982
2023-03-19T02:15:00Z,3.078
2023-03-19T02:20:00Z,3.078
2023-03-19T02:25:00Z,3.26
2023-03-19T02:30:00Z,3.259
2023-03-19T02:35:00Z,3.216
2023-03-19T02:40:00Z,3.297
2023-03-19T02:45:00Z,3.299
2023-03-19T02:50:00Z,3.302
2023-03-19T02:55:00Z,3.19
2023-03-19T03:00:00Z,3.438
2023-03-19T03:05:00Z,3.428
2023-03-19T03:10:00Z,3.564
2023-03-19T03:15:00Z,3.356
2023-03-19T03:20:00Z,3.333
2023-03-19T03:25:00Z,3.569
2023-03-19T03:30:00Z,3.476
2023-03-19T03:35:00Z,3.542
2023-03-19T03:40:00Z,3.696
2023-03-19T03:45:00Z,3.644
2023-03-19T03:50:00Z,3.555
2023-03-19T03:55:00Z,3.657
2023-03-19T04:00:00Z,3.676
2023-03-19T04:05:00Z,3.475
2023-03-19T04:10:00Z,3.524
2023-03-19T04:15:00Z,3.527
2023-03-19T04:20:00Z,3.466
2023-03-19T04:25:00Z,3.408
2023-03-19T04:30:00Z,3.514
2023-03-19T04:35:00Z,3.555
2023-03-19T04:40:00Z,3.439
2023-03-19T04:45:00Z,3.517
2023-03-19T04:50:00Z,3.329
2023-03-19T04:55:00Z,3.328
2023-03-19T05:00:00Z,3.327
2023-03-19T05:05:00Z,3.241
2023-03-19T05:10:00Z,3.357
2023-03-19T05:15:00Z,3.317
2023-03-19T05:20:00Z,3.263
2023-03-19T05:25:00Z,3.141
2023-03-19T05:30:00Z,3.075
2023-03-19T05:35:00Z,3.061
2023-03-19T05:40:00Z,3.056
2023-03-19T05:45:00Z,2.896
2023-03-19T05:50:00Z,2.893
2023-03-19T05:55:00Z,2.835
2023-03-19T06:00:00Z,2.843
2023-03-19T06:05:00Z,2.804
2023-03-19T06:10:00Z,2.752
2023-03-19T06:15:00Z,2.76
2023-03-19T06:20:00Z,2.668
2023-03-19T06:25:00Z,2.661
2023-03-19T06:30:00Z,2.458
2023-03-19T06:35:00Z,2.429
2023-03-19T06:40:00Z,2.347
2023-03-19T06:45:00Z,2.423
2023-03-19T06:50:00Z,2.364
2023-03-19T06:55:00Z,2.152
2023-03-19T07:00:00Z,2.134
2023-03-19T07:05:00Z,2.125
2023-03-19T07:10:00Z,1.999
2023-03-19T07:15:00Z,1.981
2023-03-19T07:20:00Z,1.842
2023-03-19T07:25:00Z,1.775
2023-03-19T07:30:00Z,1.835
2023-03-19T07:35:00Z,1.773
2023-03-19T07:40:00Z,1.632
2023-03-19T07:45:00Z,1.635
2023-03-19T07:50:00Z,1.486
2023-03-19T07:55:00Z,1.486
2023-03-19T08:00:00Z,1.541
2023-03-19T08:05:00Z,1.458
2023-03-19T08:10:00Z,1.449
2023-03-19T08:15:00Z,1.398
2023-03-19T08:20:00Z,1.305
2023-03-19T08:25:00Z,1.186
2023-03-19T08:30:00Z,1.214
2023-03-19T08:35:00Z,1.22
2023-03-19T08:40:00Z,1.126
2023-03-19T08:45:00Z,1.116
2023-03-19T08:50:00Z,1.077
2023-03-19T08:55:00Z,1.091
2023-03-19T09:00:00Z,1.025
2023-03-19T09:05:00Z,1.016
2023-03-19T09:10:00Z,0.921
2023-03-19T09:15:00Z,0.842
2023-03-19T09:20:00Z,0.842
2023-03-19T09:25:00Z,0.811
2023-03-19T09:30:00Z,0.818
2023-03-19T09:35:00Z,0.84
2023-03-19T09:40:00Z,0.766
2023-03-19T09:45:00Z,0.715
2023-03-19T09:50:00Z,0.781
2023-03-19T09:55:00Z,0.773
2023-03-19T10:00:00Z,0.726
2023-03-19T10:05:00Z,0.672
2023-03-19T10:10:00Z,0.673
2023-03-19T10:15:00Z,0.732
2023-03-19T10:20:00Z,0.683
2023-03-19T10:25:00Z,0.71
2023-03-19T10:30:00Z,0.664
2023-03-19T10:35:00Z,0.686
2023-03-19T10:40:00Z,0.779
2023-03-19T10:45:00Z,0.771
2023-03-19T10:50:00Z,0.781
2023-03-19T10:55:00Z,0.718
2023-03-19T11:00:00Z,0.767
2023-03-19T11:05:00Z,0.79
2023-03-19T11:10:00Z,0.816
2023-03-19T11:15:00Z,0.878
2023-03-19T11:20:00Z,0.935
2023-03-19T11:25:00Z,0.964
2023-03-19T11:30:00Z,0.995
2023-03-19T11:35:00Z,1.004
2023-03-19T11:40:00Z,1.016
2023-03-19T11:45:00Z,1.132
2023-03-19T11:50:00Z,1.088
2023-03-19T11:55:00Z,1.166
2023-03-19T12:00:00Z,1.25
2023-03-19T12:05:00Z,1.242
2023-03-19T12:10:00Z,1.336
2023-03-19T12:15:00Z,1.36
2023-03-19T12:20:00Z,1.438
2023-03-19T12:25:00Z,1.378
2023-03-19T12:30:00Z,1.537
2023-03-19T12:35:00Z,1.552
2023-03-19T12:40:00Z,1.627
2023-03-19T12:45:00Z,1.645
2023-03-19T12:50:00Z,1.751
2023-03-19T12:55:00Z,1.8
2023-03-19T13:00:00Z,1.862
2023-03-19T13:05:00Z,1.854
2023-03-19T13:10:00Z,1.918
2023-03-19T13:15:00Z,2.056
2023-03-19T13:20:00Z,2.055
2023-03-19T13:25:00Z,2.151
2023-03-19T13:30:00Z,2.179
2023-03-19T13:35:00Z,2.24
2023-03-19T13:40:00Z,2.269
2023-03-19T13:45:00Z,2.36
2023-03-19T13:50:00Z,2.363
2023-03-19T13:55:00Z,2.493
2023-03-19T14:00:00Z,2.542
2023-03-19T14:05:00Z,2.543
2023-03-19T14:10:00Z,2.635
2023-03-19T14:15:00Z,2.637
2023-03-19T14:20:00Z,2.739
2023-03-19T14:25:00Z,2.764
2023-03-19T14:30:00Z,2.845
2023-03-19T14:35:00Z,2.843
2023-03-19T14:40:00Z,2.881
2023-03-19T14:45:00Z,2.992
2023-03-19T14:50:00Z,2.992
2023-03-19T14:55:00Z,3.014
2023-03-19T15:00:00Z,3.118
2023-03-19T15:05:00Z,3.039
2023-03-19T15:10:00Z,3.04
2023-03-19T15:15:00Z,3.156
2023-03-19T15:20:00Z,3.197
2023-03-19T15:25:00Z,3.199
2023-03-19T15:30:00Z,3.22
2023-03-19T15:35:00Z,3.217
2023-03-19T15:40:00Z,3.298
2023-03-19T15:45:00Z,3.318
2023-03-19T15:50:00Z,3.352
2023-03-19T15:55:00Z,3.359
2023-03-19T16:00:00Z,3.378
2023-03-19T16:05:00Z,3.414
2023-03-19T16:10:00Z,3.398
2023-03-19T16:15:00Z,3.392
2023-03-19T16:20:00Z,3.396
2023-03-19T16:25:00Z,3.398
2023-03-19T16:30:00Z,3.402
2023-03-19T16:35:00Z,3.455
2023-03-19T16:40:00Z,3.456
2023-03-19T16:45:00Z,3.46
2023-03-19T16:50:00Z,3.414
2023-03-19T16:55:00Z,3.416
2023-03-19T17:00:00Z,3.356
2023-03-19T17:05:00Z,3.371
2023-03-19T17:10:00Z,3.377
2023-03-19T17:15:00Z,3.354
2023-03-19T17:20:00Z,3.316
2023-03-19T17:25:00Z,3.277
2023-03-19T17:30:00Z,3.291
2023-03-19T17:35:00Z,3.284
2023-03-19T17:40:00Z,3.223
2023-03-19T17:45:00Z,3.164
2023-03-19T17:50:00Z,3.157
2023-03-19T17:55:00Z,3.119
2023-03-19T18:00:00Z,3.069
2023-03-19T18:05:00Z,3.066
2023-03-19T18:10:00Z,3.037
2023-03-19T18:15:00Z,2.961
2023-03-19T18:20:00Z,2.864
2023-03-19T18:25:00Z,2.79
2023-03-19T18:30:00Z,2.855
2023-03-19T18:35:00Z,2.748
2023-03-19T18:40:00Z,2.725
2023-03-19T18:45:00Z,2.691
2023-03-19T18:50:00Z,2.531
2023-03-19T18:55:00Z,2.479
